<?xml version="1.0"?>

<!--
  ================================================================
  Copyright (c) 1999-2004 CollabNet.  All rights reserved.
  
  Redistribution and use in source and binary forms, with or without
  modification, are permitted provided that the following conditions are
  met:
  
  1. Redistributions of source code must retain the above copyright
  notice, this list of conditions and the following disclaimer.
  
  2. Redistributions in binary form must reproduce the above copyright
  notice, this list of conditions and the following disclaimer in the
  documentation and/or other materials provided with the distribution.
  
  3. The end-user documentation included with the redistribution, if
  any, must include the following acknowledgment: "This product includes
  software developed by CollabNet (http://www.Collab.Net/)."
  Alternately, this acknowledgment may appear in the software itself, if
  and wherever such third-party acknowledgments normally appear.
  
  4. The hosted project names must not be used to endorse or promote
  products derived from this software without prior written
  permission. For written permission, please contact info@collab.net.
  
  5. Products derived from this software may not use the "Tigris" name
  nor may "Tigris" appear in their names without prior written
  permission of CollabNet.
  
  THIS SOFTWARE IS PROVIDED ``AS IS'' AND ANY EXPRESSED OR IMPLIED
  WARRANTIES, INCLUDING, BUT NOT LIMITED TO, THE IMPLIED WARRANTIES OF
  MERCHANTABILITY AND FITNESS FOR A PARTICULAR PURPOSE ARE DISCLAIMED.
  IN NO EVENT SHALL COLLABNET OR ITS CONTRIBUTORS BE LIABLE FOR ANY
  DIRECT, INDIRECT, INCIDENTAL, SPECIAL, EXEMPLARY, OR CONSEQUENTIAL
  DAMAGES (INCLUDING, BUT NOT LIMITED TO, PROCUREMENT OF SUBSTITUTE
  GOODS OR SERVICES; LOSS OF USE, DATA, OR PROFITS; OR BUSINESS
  INTERRUPTION) HOWEVER CAUSED AND ON ANY THEORY OF LIABILITY, WHETHER
  IN CONTRACT, STRICT LIABILITY, OR TORT (INCLUDING NEGLIGENCE OR
  OTHERWISE) ARISING IN ANY WAY OUT OF THE USE OF THIS SOFTWARE, EVEN IF
  ADVISED OF THE POSSIBILITY OF SUCH DAMAGE.
 
  ====================================================================
  
  This software consists of voluntary contributions made by many
  individuals on behalf of CollabNet.
-->

<!DOCTYPE book SYSTEM "../tools/dtd/dblite.dtd"
[
<!ENTITY % vers SYSTEM "version.xml">
%vers;
<!ENTITY goals           SYSTEM "goals.xml">
<!ENTITY model           SYSTEM "model.xml">
<!ENTITY architecture    SYSTEM "architecture.xml">
<!ENTITY deltas          SYSTEM "deltas.xml">
<!ENTITY client          SYSTEM "client.xml">
<!ENTITY protocol        SYSTEM "protocol.xml">
<!ENTITY server          SYSTEM "server.xml">
<!ENTITY license         SYSTEM "license.xml">
]>

<book id="svn-design">
  <title>Subversion</title>
  <subtitle>A New Version Control System</subtitle>
  <subtitle>(compiled from &svn.version;)</subtitle>
  <subtitle>NOTE: This document is not up to date.  The last substantial
    update was in October 2002 (r3377).</subtitle>

  <bookinfo>
    <author>
      <firstname>Jim</firstname><surname>Blandy</surname>
      <authorblurb><para>jimb@redhat.com</para></authorblurb>
    </author>
    <author>
      <firstname>Karl</firstname><surname>Fogel</surname>
      <authorblurb><para>kfogel@collab.net</para></authorblurb>
    </author>
    <author>
      <firstname>Ben</firstname><surname>Collins-Sussman</surname>
      <authorblurb><para>sussman@collab.net</para></authorblurb>
    </author>

    <copyright>
      <year>2000-2004</year>
      <holder>Collab.Net, Inc.</holder>
    </copyright>

    <legalnotice>
      <para>
        See <xref linkend="license"/> for details.
      </para>
    </legalnotice>

    <abstract>
      <para>This manual describes the design of the Subversion version control
        system.</para>
      <para>First Version: June 2000</para>
    </abstract>
  </bookinfo>

  &goals;
  &model;
  &architecture;
  &deltas;
  &client;
  &protocol;
  &server;
  &license;
</book>
