<appendix id="license">
  <title>License &mdash; Copyright</title>

  <simplesect>
    <para>Copyright &copy; 2000-2004 Collab.Net.  All rights reserved.</para>

    <para>This software is licensed as described in the file
      <filename>COPYING</filename>, which you should have received as part of
      this distribution.  The terms are also available at <systemitem
        class="url">http://subversion.tigris.org/license-1.html</systemitem>.
      If newer versions of this license are posted there, you may use a newer
      version instead, at your option.</para>
  </simplesect>
</appendix>
